,회차,변수명,설명1,설명2,질문1,질문2,객관식_답변,객관식_답변_문항
0,1,[PID],개인식별번호,,,,,
1,1,[A_AREA],<실제 거주 지역>,,<실제 거주 지역>,,"1
2
3
4
5
6
7
8
9
10
11
12
13
14
15
16
17
","① 서울
② 부산
③ 대구
④ 인천
⑤ 광주
⑥ 대전
⑦ 울산
⑧ 경기
⑨ 강원
⑩ 충북
⑪ 충남
⑫ 전북
⑬ 전남
⑭ 경북
⑮ 경남
⑯ 제주
⑰ 세종"
2,1,[A_SQ1] ,,,Q. 현재 어느 지역에 거주하고 계십니까?,,"1
2
3
4
5
6
7
8
9
10
11
12
13
14
15
16","① 서울
② 부산
③ 대구
④ 인천
⑤ 광주
⑥ 대전
⑦ 울산
⑧ 경기
⑨ 강원
⑩ 충북
⑪ 충남(세종 포함)
⑫ 전북
⑬ 전남
⑭ 경북
⑮ 경남
⑯ 제주"
3,1,[A_SQ2],<성별>,,<성별>,,"1
2","① 남자
② 여자"
4,1,[A_AGE],,,Q. 연세는 만으로 어떻게 되시는지요?,,,
5,1,[A_SQ3],<연령대>,,,,"2
3
4
5
6","② 19∼29세
③ 30∼39세
④ 40∼49세
⑤ 50∼59세
⑥ 60세 이상"
6,1,[A_Q1],"신고리 5·6호기
공론화위원회
관련 인지도
",,Q. 신고리 원자력발전소 5호기와 6호기에 대한 건설 중단과 건설 재개를 둘러싸고 논란이 있어 공론화위원회가 구성되어 국민 의견을 수렴하고 있습니다. 이에 대해 알고 계십니까?,,"1
2","① 알고 있다
② 처음 듣는 이야기다"
7,1,[A_Q2],"신고리 5·6호기
건설 중단/재개에
대한 입장
(유보 포함)
(1차)",,"Q. 신고리 원자력발전소 5‧6호기를 건설 중단해야 할지, 건설  재개해야 할지에 대해 다양한 의견들이 있습니다. 어떻게 해야 한다고 생각하십니까?",,"1
2
3
9","① 건설을 중단해야 한다고 생각한다
② 건설을 재개해야 한다고 생각한다
③ 아직은 판단하기 어렵다
④ 잘 모르겠다"
8,1,[A_Q2_1],"신고리 5·6호기
건설 중단 이유
(1차)",,Q. 신고리 5‧6호기를 건설 중단해야 한다고 생각하시는 가장 큰 이유는 무엇입니까?,,"1
2
3
4
5
9","① 체르노빌, 후쿠시마 원전사고와 같은 위험이 상존해서
② 핵폐기물은 수십만 년간 방사선을 방출해 인류생존을 위협해서
③ 핵폐기물 처분과 폐로 등 비용을 감안하면 비싼 발전 방식이어서
④ 탈원전, 신재생에너지 정책은 세계적인 추세여서
⑤ 기타
⑨ 잘 모르겠다"
9,1,[A_Q2_2],"신고리 5·6호기
건설 재개 이유
(1차)",,"Q. 신고리 5‧6호기를 건설 재개해야 한다고 생각하시는 가장 
큰 이유는 무엇입니까?",,"1
2
3
4
5
9","① 전기요금 인상으로 가계와 기업에 부담이 증가할 수 있어서
② 전력공급 안정성에 문제가 생길 것 같아서
③ 원전건설이 중단될 경우 2조 8천억원의 피해비용이 발생해서
④ 일자리 감소 및 원전 수출기회 상실 등 경제에 악영향을 줄 것 같아서
⑤ 기타
⑨ 잘 모르겠다"
10,1,[A_Q3],"원자력발전 정책 
방향 (1차)",,Q. 우리나라 원자력발전 정책이 어떠한 방향으로 나아가야 한다고 생각하십니까?,,"1
2
3
9","① 원자력발전 확대
② 원자력발전 현상 유지
③ 원자력발전 축소
⑨ 잘 모르겠다"
11,1,[A_Q4],"시민참여단
참가 의향",,"Q. 현재 신고리 5‧6호기 공론화 위원회에서는 신고리 원자력
발전소 5‧6호기 건설 중단/재개 여부를 논의하는 토론회에 참
석할 시민참여단을 모집하고 있습니다. 토론회는 10월 13일 
금요일 저녁부터 15일 일요일까지 총 2박3일 동안 진행되며, 
토론회 참석자는 9월 16일 오후 사전 오리엔테이션에도 참석
해야 합니다. 귀하께서는 토론회에 참석할 생각이 있으십니까? ",,"1
2
3","① 참석할 생각이 있다
② 참석할 생각이 없다
③ 상황에 따라 다르다"
12,1,[A_Q5],직업 (1차),,Q. 직업으로 하시는 일은 무엇입니까?,,"1
2
3
4
5
6
7
8
9","① 농/림/어업 
② 자영업
③ 판매/영업/서비스직
④ 생산/기능/노무직
⑤ 사무/관리/전문직
⑥ 주부 (가사에만 종사)
⑦ 학생
⑧ 무직/퇴직/은퇴 등
⑨ 모름/무응답"
13,1,[A_Q6],정당지지도,,Q. 다음 중 어느 정당을 지지하십니까?,,"1
2
3
4
5
6
98
99","① 더불어민주당
② 자유한국당
③ 국민의당
④ 바른정당
⑤ 정의당
 지지하는 정당이 없음
⑥ 기타 정당
 모름/무응답"
14,1,[A_GUBUN],<1차 조사방법 구분>,,조사방법,,"1
2","① 집전화
② 휴대전화"
15,1,[WT1],1차 조사 가중값,,1차 조사 표준화 가중값,,,
16,2,[PID],개인식별번호,,,,,
17,2,[비표_ID],시민참여단 비표번호,,,,,
18,2,[B_Q1_1],"신고리 5·6호기
중단/재개 결정에
대한 판단 중요성
(2차)",,Q. 다음의 내용이 신고리 5·6호기 중단 또는 재개 결정을 내리는 데 얼마나 중요하다고 생각하십니까?,<결정을 내리는데 중요한 고려 요인 : 안전성 측면>,"1
2
3
4
5
6
7
9","① 매우 중요하다
② 중요하다
③ 조금 중요하다
④ 보통이다
⑤ 별로 중요하지 않다
⑥ 중요하지 않다
⑦ 전혀 중요하지 않다
무응답"
19,2,[B_Q1_2],"신고리 5·6호기
중단/재개 결정에
대한 판단 중요성
(2차)",,Q. 다음의 내용이 신고리 5·6호기 중단 또는 재개 결정을 내리는 데 얼마나 중요하다고 생각하십니까?,<결정을 내리는데 중요한 고려 요인 : 안정적 에너지 공급 측면>,"1
2
3
4
5
6
7
9","① 매우 중요하다
② 중요하다
③ 조금 중요하다
④ 보통이다
⑤ 별로 중요하지 않다
⑥ 중요하지 않다
⑦ 전혀 중요하지 않다
무응답"
20,2,[B_Q1_3],"신고리 5·6호기
중단/재개 결정에
대한 판단 중요성
(2차)",,Q. 다음의 내용이 신고리 5·6호기 중단 또는 재개 결정을 내리는 데 얼마나 중요하다고 생각하십니까?,<결정을 내리는데 중요한 고려 요인 : 전력공급 경제성 측면>,"1
2
3
4
5
6
7
9","① 매우 중요하다
② 중요하다
③ 조금 중요하다
④ 보통이다
⑤ 별로 중요하지 않다
⑥ 중요하지 않다
⑦ 전혀 중요하지 않다
무응답"
21,2,[B_Q1_4],"신고리 5·6호기
중단/재개 결정에
대한 판단 중요성
(2차)",,Q. 다음의 내용이 신고리 5·6호기 중단 또는 재개 결정을 내리는 데 얼마나 중요하다고 생각하십니까?,<결정을 내리는데 중요한 고려 요인 : 지역 및 국가 산업 측면>,"1
2
3
4
5
6
7
9","① 매우 중요하다
② 중요하다
③ 조금 중요하다
④ 보통이다
⑤ 별로 중요하지 않다
⑥ 중요하지 않다
⑦ 전혀 중요하지 않다
무응답"
22,2,[B_Q1_5],"신고리 5·6호기
중단/재개 결정에
대한 판단 중요성
(2차)",,Q. 다음의 내용이 신고리 5·6호기 중단 또는 재개 결정을 내리는 데 얼마나 중요하다고 생각하십니까?,<결정을 내리는데 중요한 고려 요인 : 전기요금 측면>,"1
2
3
4
5
6
7
9","① 매우 중요하다
② 중요하다
③ 조금 중요하다
④ 보통이다
⑤ 별로 중요하지 않다
⑥ 중요하지 않다
⑦ 전혀 중요하지 않다
무응답"
23,2,[B_Q1_6],"신고리 5·6호기
중단/재개 결정에
대한 판단 중요성
(2차)",,Q. 다음의 내용이 신고리 5·6호기 중단 또는 재개 결정을 내리는 데 얼마나 중요하다고 생각하십니까?,<결정을 내리는데 중요한 고려 요인 : 환경성 측면>,"1
2
3
4
5
6
7
9","① 매우 중요하다
② 중요하다
③ 조금 중요하다
④ 보통이다
⑤ 별로 중요하지 않다
⑥ 중요하지 않다
⑦ 전혀 중요하지 않다
무응답"
24,2,[B_Q2_1],"신고리 5·6호기 
관련 매체 
접촉 빈도 (2차)",,Q. 지난 1개월 동안 다음 내용을 얼마나 접하셨습니까?,<신고리 5·6호기에 대한 방송 프로그램>,"1
2
3
4
5
9","① 자주 그랬다
② 조금 그랬다
③ 보통이다
④ 별로 그렇지 않았다
⑤ 거의 그렇지 않았다
무응답"
25,2,[B_Q2_2],"신고리 5·6호기 
관련 매체 
접촉 빈도 (2차)",,"Q. 지난 1개월 동안 다음 내용을 얼마나 접하셨습니까?
",<신고리 5·6호기에 대한 뉴스>,"1
2
3
4
5
9","① 자주 그랬다
② 조금 그랬다
③ 보통이다
④ 별로 그렇지 않았다
⑤ 거의 그렇지 않았다
무응답"
26,2,[B_Q2_3],"신고리 5·6호기 
관련 매체 
접촉 빈도 (2차)",,"Q. 지난 1개월 동안 다음 내용을 얼마나 접하셨습니까?
",<신고리 5·6호기에 대한 인터넷 정보 검색>,"1
2
3
4
5
9","① 자주 그랬다
② 조금 그랬다
③ 보통이다
④ 별로 그렇지 않았다
⑤ 거의 그렇지 않았다
무응답"
27,2,[B_Q2_4],"신고리 5·6호기 
관련 매체 
접촉 빈도 (2차)",,"Q. 지난 1개월 동안 다음 내용을 얼마나 접하셨습니까?
",<신고리 5·6호기에 대한 지인들과의 대화(의견 교환)>,"1
2
3
4
5
9","① 자주 그랬다
② 조금 그랬다
③ 보통이다
④ 별로 그렇지 않았다
⑤ 거의 그렇지 않았다
무응답"
28,2,[B_Q3_1],"정보원별 신고리 
5·6호기에 대한
정보 신뢰도 (2차)",,"Q. 다음 정보원이 제공하는 신고리 5‧6호기에 대한 정보를 얼마나 신뢰하십니까?
",<신고리 5·6호기에 대한 정보 신뢰도 : 정부>,"1
2
3
4
5
6
7
9","① 매우 신뢰한다
② 신뢰한다
③ 조금 신뢰한다
④ 중간이다
⑤ 별로 신뢰하지 않는다
⑥ 신뢰하지 않다
⑦ 전혀 신뢰하지 않는다
무응답"
29,2,[B_Q3_2],"정보원별 신고리 
5·6호기에 대한
정보 신뢰도 (2차)",,"Q. 다음 정보원이 제공하는 신고리 5‧6호기에 대한 정보를 얼마나 신뢰하십니까?
",<신고리 5·6호기에 대한 정보 신뢰도 : 원자력 전문가>,"1
2
3
4
5
6
7
9","① 매우 신뢰한다
② 신뢰한다
③ 조금 신뢰한다
④ 중간이다
⑤ 별로 신뢰하지 않는다
⑥ 신뢰하지 않다
⑦ 전혀 신뢰하지 않는다
무응답"
30,2,[B_Q3_3],"정보원별 신고리 
5·6호기에 대한
정보 신뢰도 (2차)",,"Q. 다음 정보원이 제공하는 신고리 5‧6호기에 대한 정보를 얼마나 신뢰하십니까?
",<신고리 5·6호기에 대한 정보 신뢰도 : 원자력발전 사업자>,"1
2
3
4
5
6
7
9","① 매우 신뢰한다
② 신뢰한다
③ 조금 신뢰한다
④ 중간이다
⑤ 별로 신뢰하지 않는다
⑥ 신뢰하지 않다
⑦ 전혀 신뢰하지 않는다
무응답"
31,2,[B_Q3_4],"정보원별 신고리 
5·6호기에 대한
정보 신뢰도 (2차)",,"Q. 다음 정보원이 제공하는 신고리 5‧6호기에 대한 정보를 얼마나 신뢰하십니까?
",<신고리 5·6호기에 대한 정보 신뢰도 : 시민단체>,"1
2
3
4
5
6
7
9","① 매우 신뢰한다
② 신뢰한다
③ 조금 신뢰한다
④ 중간이다
⑤ 별로 신뢰하지 않는다
⑥ 신뢰하지 않다
⑦ 전혀 신뢰하지 않는다
무응답"
32,2,[B_Q3_5],"정보원별 신고리 
5·6호기에 대한
정보 신뢰도 (2차)",,Q. 다음 정보원이 제공하는 신고리 5‧6호기에 대한 정보를 얼마나 신뢰하십니까?,"<신고리 5·6호기에 대한 정보 신뢰도 : 시민, 방송 등 대중매체>","1
2
3
4
5
6
7
9","① 매우 신뢰한다
② 신뢰한다
③ 조금 신뢰한다
④ 중간이다
⑤ 별로 신뢰하지 않는다
⑥ 신뢰하지 않다
⑦ 전혀 신뢰하지 않는다
무응답"
33,2,[B_Q3_6],"정보원별 신고리 
5·6호기에 대한
정보 신뢰도 (2차)",,"Q. 다음 정보원이 제공하는 신고리 5‧6호기에 대한 정보를 얼마나 신뢰하십니까?
",<신고리 5·6호기에 대한 정보 신뢰도 : 인터넷 상의 정보>,"1
2
3
4
5
6
7
9","① 매우 신뢰한다
② 신뢰한다
③ 조금 신뢰한다
④ 중간이다
⑤ 별로 신뢰하지 않는다
⑥ 신뢰하지 않다
⑦ 전혀 신뢰하지 않는다
무응답"
34,2,[B_Q4],"가동 중인 
원자력발전소 수
(2차)",,"Q. 현재 우리나라에서 전기를 생산중인 원자력 발전소는 몇 
기로 알고 계십니까?",,"1
2
3
4
5
9","① 20기
② 22기
③ 24기 (정답)
④ 26기
⑤ 잘 모르겠다
무응답"
35,2,[B_Q5],"신고리 5·6호기
위치 (2차)",,Q. 신고리 5·6호기가 위치한 지역은 어디로 알고 계십니까?,,"1
2
3
4
5
9","① 울주 (정답)
② 경주
③ 영광
④ 울진
⑤ 잘 모르겠다
무응답"
36,2,[B_Q6],"원자력발전 연료
(2차)",,"Q. 우리나라 원자력발전소에서 사용하는 연료는 무엇으로 알
고 계십니까?",,"1
2
3
4
5
9","① 세슘
② 우라늄 (정답)
③ 토륨
④ 플루토늄
⑤ 잘 모르겠다
무응답"
37,2,[B_Q7],"사용후핵연료가
가장 많이 보관된 
원전 위치 (2차)",,"Q. 현재 우리나라 원자력발전소 부지 중, 사용후핵연료가 가장 
많이 보관되어 있는 곳은 어디로 알고 계십니까? (2017년 원
자력안전위원회 기준) ",,"1
2
3
4
5
9","① 고리
② 월성 (정답)
③ 한빛(영광)
④ 한울(울진)
⑤ 잘 모르겠다
무응답
"
38,2,[B_Q8],"원전을 가장 많이 
운영하는 국가 
(2차)
",,"Q. 현재 원자력발전소를 가장 많이 운영하고 있는 국가는 어
디로 알고 계십니까? (2017년 세계원자력협회 기준)
",,"1
2
3
4
5
9
","① 한국
② 프랑스
③ 일본
④ 미국 (정답)
⑤ 잘 모르겠다
무응답
"
39,2,[B_Q9],"재생에너지 
비중이 가장 큰 
국가 (2차)",,"Q. 현재 재생에너지 비중이 가장 큰 국가는 어디로 알고 계십
니까? (2017년 국제에너지기구 기준)",,"1
2
3
4
5
9
","① 독일
② 한국
③ 오스트리아 (정답)
④ 포르투갈
⑤ 잘 모르겠다
무응답
"
40,2,[B_Q10],"가장 비중이 큰 
에너지원 (2차)",,"Q. 현재 우리나라 전기생산량 중 가장 많은 비중을 차지하는 
에너지원은 무엇으로 알고 계십니까? (2016년 한국전력통계 
기준)",,"1
2
3
4
5
9
","① 신재생
② 가스(LNG)
③ 원자력
④ 석탄 (정답)
⑤ 잘 모르겠다
무응답
"
41,2,[B_Q11],"영구 정지된 
발전소 (2차)",,"Q. 우리나라에는 2017년 6월부터 영구적으로 운영이 정지된 
발전소가 있습니다. 어느 발전소로 알고 계십니까?",,"1
2
3
4
5
9","① 영광 1호기
② 월성 1호기
③ 고리 1호기 (정답)
④ 울진 1호기
⑤ 잘 모르겠다
무응답
"
42,3,[PID],개인식별번호,,,,,
43,3,[비표_ID],비표번호,,시민참여단 비표번호,,,
44,3,[C_Q1],"신고리 5·6호기
건설 중단/재개에
대한 입장
(유보 포함)
(3차)",,"Q. 신고리 원자력발전소 5‧6호기를 건설 중단해야 할지, 건설 
재개해야 할지에 대해 다양한 의견들이 있습니다. 어떻게 해야 
한다고 생각하십니까?",,"1
2
3
4
","① 건설을 중단해야 한다고 생각한다
② 건설을 재개해야 한다고 생각한다
③ 아직은 판단하기 어렵다
④ 잘 모르겠다"
45,3,[C_Q1_1],"신고리 5·6호기
건설 중단 이유
(3차)
",,"Q. 신고리 5‧6호기를 건설 중단해야 한다고 생각하시는 가장 
큰 이유는 무엇입니까?",,"1
2
3
4
5
9","① 체르노빌, 후쿠시마 원전사고와 같은 위험이 상존해서
② 핵폐기물은 수십만 년간 방사선을 방출해 인류생존을 위협해서
③ 핵폐기물 처분과 폐로 등 비용을 감안하면 비싼 발전 방식이어서
④ 탈원전, 신재생에너지 정책은 세계적인 추세여서
⑤ 기타
⑨ 잘 모르겠다"
46,3,[C_Q1_2],"신고리 5·6호기
건설 재개 이유
(3차)",,"Q. 신고리 5‧6호기를 건설 재개해야 한다고 생각하시는 가장 
큰 이유는 무엇입니까?",,"1
2
3
4
5
9","① 전기요금 인상으로 가계와 기업에 부담이 증가할 수 있어서
② 전력공급 안정성에 문제가 생길 것 같아서
③ 원전건설이 중단될 경우 2조 8천억원의 피해비용이 발생해서
④ 일자리 감소 및 원전 수출기회 상실 등 경제에 악영향을 줄 것 같아서
⑤ 기타
⑨ 잘 모르겠다"
47,3,[C_Q2],"원자력발전 정책 
방향 (3차)",,"Q. 우리나라 원자력발전 정책이 어떠한 방향으로 나아가야 한
다고 생각하십니까?",,"1
2
3
9","① 원자력발전 축소
② 원자력발전 현상 유지
③ 원자력발전 확대
⑨ 잘 모르겠다"
48,3,[C_Q3_1],"신고리 5·6호기
중단/재개 결정에
대한 판단 중요성
(3차)
",1) 안전성 측면,"Q. 다음의 내용이 신고리 5·6호기 중단 또는 재개 결정을 내
리는 데 얼마나 중요하다고 생각하십니까?
",<결정을 내리는데 중요한 고려 요인 : 안전성 측면>,"1
2
3
4
5
6
7
9","① 매우 중요하다
② 중요하다
③ 조금 중요하다
④ 보통이다
⑤ 별로 중요하지 않다
⑥ 중요하지 않다
⑦ 전혀 중요하지 않다
무응답"
49,3,[C_Q3_2],"신고리 5·6호기
중단/재개 결정에
대한 판단 중요성
(3차)
","2) 안정적 에너지
  공급 측면","Q. 다음의 내용이 신고리 5·6호기 중단 또는 재개 결정을 내
리는 데 얼마나 중요하다고 생각하십니까?
",<결정을 내리는데 중요한 고려 요인 : 안정적 에너지 공급 측면>,"1
2
3
4
5
6
7
9","① 매우 중요하다
② 중요하다
③ 조금 중요하다
④ 보통이다
⑤ 별로 중요하지 않다
⑥ 중요하지 않다
⑦ 전혀 중요하지 않다
무응답"
50,3,[C_Q3_3],"신고리 5·6호기
중단/재개 결정에
대한 판단 중요성
(3차)
","3) 전력공급
  경제성 측면","Q. 다음의 내용이 신고리 5·6호기 중단 또는 재개 결정을 내
리는 데 얼마나 중요하다고 생각하십니까?
",<결정을 내리는데 중요한 고려 요인 : 전력공급 경제성 측면>,"1
2
3
4
5
6
7
9","① 매우 중요하다
② 중요하다
③ 조금 중요하다
④ 보통이다
⑤ 별로 중요하지 않다
⑥ 중요하지 않다
⑦ 전혀 중요하지 않다
무응답"
51,3,[C_Q3_4],"신고리 5·6호기
중단/재개 결정에
대한 판단 중요성
(3차)
","4) 지역 및 국가 
  산업 측면","Q. 다음의 내용이 신고리 5·6호기 중단 또는 재개 결정을 내
리는 데 얼마나 중요하다고 생각하십니까?
",<결정을 내리는데 중요한 고려 요인 : 지역 및 국가 산업 측면>,"1
2
3
4
5
6
7
9","① 매우 중요하다
② 중요하다
③ 조금 중요하다
④ 보통이다
⑤ 별로 중요하지 않다
⑥ 중요하지 않다
⑦ 전혀 중요하지 않다
무응답"
52,3,[C_Q3_5],"신고리 5·6호기
중단/재개 결정에
대한 판단 중요성
(3차)
",5) 전기요금 측면,"Q. 다음의 내용이 신고리 5·6호기 중단 또는 재개 결정을 내
리는 데 얼마나 중요하다고 생각하십니까?
",<결정을 내리는데 중요한 고려 요인 : 전기요금 측면>,"1
2
3
4
5
6
7
9","① 매우 중요하다
② 중요하다
③ 조금 중요하다
④ 보통이다
⑤ 별로 중요하지 않다
⑥ 중요하지 않다
⑦ 전혀 중요하지 않다
무응답"
53,3,[C_Q3_6],"신고리 5·6호기
중단/재개 결정에
대한 판단 중요성
(3차)
",6) 환경성 측면,"Q. 다음의 내용이 신고리 5·6호기 중단 또는 재개 결정을 내
리는 데 얼마나 중요하다고 생각하십니까?
",<결정을 내리는데 중요한 고려 요인 : 환경성 측면>,"1
2
3
4
5
6
7
9","① 매우 중요하다
② 중요하다
③ 조금 중요하다
④ 보통이다
⑤ 별로 중요하지 않다
⑥ 중요하지 않다
⑦ 전혀 중요하지 않다
무응답"
54,3,[C_Q4_1],"신고리 5·6호기 
관련 매체 
접촉 빈도 (3차)
",1) 방송 프로그램,"Q. 지난 1개월 동안 다음 내용을 얼마나 접하셨습니까?
",<신고리 5·6호기에 대한 방송 프로그램>,"1
2
3
4
5
9","① 자주 그랬다
② 조금 그랬다
③ 보통이다
④ 별로 그렇지 않았다
⑤ 거의 그렇지 않았다
무응답"
55,3,[C_Q4_2],"신고리 5·6호기 
관련 매체 
접촉 빈도 (3차)
",2) 뉴스,"Q. 지난 1개월 동안 다음 내용을 얼마나 접하셨습니까?
",<신고리 5·6호기에 대한 뉴스>,"1
2
3
4
5
9","① 자주 그랬다
② 조금 그랬다
③ 보통이다
④ 별로 그렇지 않았다
⑤ 거의 그렇지 않았다
무응답"
56,3,[C_Q4_3],"신고리 5·6호기 
관련 매체 
접촉 빈도 (3차)
","3) 인터넷 
  정보 검색","Q. 지난 1개월 동안 다음 내용을 얼마나 접하셨습니까?
",<신고리 5·6호기에 대한 인터넷 정보 검색>,"1
2
3
4
5
9","① 자주 그랬다
② 조금 그랬다
③ 보통이다
④ 별로 그렇지 않았다
⑤ 거의 그렇지 않았다
무응답"
57,3,[C_Q4_4],"신고리 5·6호기 
관련 매체 
접촉 빈도 (3차)
","4) 지인들과의 
  대화(의견 교환)","Q. 지난 1개월 동안 다음 내용을 얼마나 접하셨습니까?
",<신고리 5·6호기에 대한 지인들과의 대화(의견 교환)>,"1
2
3
4
5
9","① 자주 그랬다
② 조금 그랬다
③ 보통이다
④ 별로 그렇지 않았다
⑤ 거의 그렇지 않았다
무응답"
58,3,[C_Q4_5],"신고리 5·6호기 
관련 매체 
접촉 빈도 (3차)",5) 공개토론회,"Q. 지난 1개월 동안 다음 내용을 얼마나 접하셨습니까?
",<신고리 5·6호기 공론화위원회가 주최한 공개토론회>,"1
2
3
4
5
9","① 자주 그랬다
② 조금 그랬다
③ 보통이다
④ 별로 그렇지 않았다
⑤ 거의 그렇지 않았다
무응답"
59,3,[C_Q4_6],"신고리 5·6호기 
관련 매체 
접촉 빈도 (3차)
",6) 자료집,"Q. 지난 1개월 동안 다음 내용을 얼마나 접하셨습니까?
",<신고리 5·6호기 공론화위원회가 제공한 자료집>,"1
2
3
4
5
9","① 자주 그랬다
② 조금 그랬다
③ 보통이다
④ 별로 그렇지 않았다
⑤ 거의 그렇지 않았다
무응답"
60,3,[C_Q4_7],"신고리 5·6호기 
관련 매체 
접촉 빈도 (3차)",6) 자료집,"Q. 지난 1개월 동안 다음 내용을 얼마나 접하셨습니까?
",<신고리 5·6호기 공론화위원회 홈페이지 이러닝 자료>,"1
2
3
4
5
9","① 자주 그랬다
② 조금 그랬다
③ 보통이다
④ 별로 그렇지 않았다
⑤ 거의 그렇지 않았다
무응답"
61,3,[C_Q4_8],"신고리 5·6호기 
관련 매체 
접촉 빈도 (3차)
","8) 홈페이지 
  질의응답","Q. 지난 1개월 동안 다음 내용을 얼마나 접하셨습니까?
",<신고리 5·6호기 공론화위원회 홈페이지 질의응답> ,"1
2
3
4
5
9","① 자주 그랬다
② 조금 그랬다
③ 보통이다
④ 별로 그렇지 않았다
⑤ 거의 그렇지 않았다
무응답"
62,3,[C_Q5],"자료집
숙의 정도",,Q. 자료집을 어느 정도나 보셨습니까?,,"1
2
3
4
5
9","① 처음부터 끝까지 다 봤다
② 절반 보다 많이 봤다 (3/4정도)
③ 절반 정도 봤다 (1/2정도)
④ 절반 보다는 적게 봤다 (1/4정도)
⑤ 전혀 보지 않았다
무응답"
63,3,[C_Q6_1],"양측이 자료집, 
동영상 등에서
주장하는 내용에 
대한 동의 정도
(3차)
",1) 위험 증가,"Q. 다음은 양측에서 자료집이나 동영상 등을 통해 주장하고 있는 내용입니다. 이 내용에 대해서 동의하십니까? 아니면 동의하지 않으십니까?
",<신고리 5·6호기로 위험이 증가한다>,"1
2
3
4
5
6
7
9","① 매우 동의한다
② 동의한다
③ 대체로 동의한다
④ 중간이다
⑤ 별로 동의하지 않는다
⑥ 동의하지 않다
⑦ 전혀 동의하지 않는다
무응답"
64,3,[C_Q6_2],"양측이 자료집, 
동영상 등에서
주장하는 내용에 
대한 동의 정도
(3차)
",2) 안전한 원전,"Q. 다음은 양측에서 자료집이나 동영상 등을 통해 주장하고 있는 내용입니다. 이 내용에 대해서 동의하십니까? 아니면 동의하지 않으십니까?
",<신고리 5·6호기는 세계에서 가장 안전한 원전이다>,"1
2
3
4
5
6
7
9","① 매우 동의한다
② 동의한다
③ 대체로 동의한다
④ 중간이다
⑤ 별로 동의하지 않는다
⑥ 동의하지 않다
⑦ 전혀 동의하지 않는다
무응답"
65,3,[C_Q6_3],"양측이 자료집, 
동영상 등에서
주장하는 내용에 
대한 동의 정도
(3차)
",3) 전력공급의 안정,"Q. 다음은 양측에서 자료집이나 동영상 등을 통해 주장하고 있는 내용입니다. 이 내용에 대해서 동의하십니까? 아니면 동의하지 않으십니까?
",<신고리 5·6호기부터 원전 건설을 중단하더라도 안정적인 전력공급이 가능하다>,"1
2
3
4
5
6
7
9","① 매우 동의한다
② 동의한다
③ 대체로 동의한다
④ 중간이다
⑤ 별로 동의하지 않는다
⑥ 동의하지 않다
⑦ 전혀 동의하지 않는다
무응답"
66,3,[C_Q6_4],"양측이 자료집, 
동영상 등에서
주장하는 내용에 
대한 동의 정도
(3차)
",4) 전력공급의 불안정,"Q. 다음은 양측에서 자료집이나 동영상 등을 통해 주장하고 있는 내용입니다. 이 내용에 대해서 동의하십니까? 아니면 동의하지 않으십니까?
",<신고리 5·6호기부터 원전 건설을 중단하게 된다면 가까운 미래에 안정적인 전력공급이 어려워진다>,"1
2
3
4
5
6
7
9","① 매우 동의한다
② 동의한다
③ 대체로 동의한다
④ 중간이다
⑤ 별로 동의하지 않는다
⑥ 동의하지 않다
⑦ 전혀 동의하지 않는다
무응답"
67,3,[C_Q6_5],"양측이 자료집, 
동영상 등에서
주장하는 내용에 
대한 동의 정도
(3차)
",5) 재생에너지 투자,"Q. 다음은 양측에서 자료집이나 동영상 등을 통해 주장하고 있는 내용입니다. 이 내용에 대해서 동의하십니까? 아니면 동의하지 않으십니까?
",<신고리 5·6호기 중단으로 생기는 재원을 재생에너지에 투자할 때이다>,"1
2
3
4
5
6
7
9","① 매우 동의한다
② 동의한다
③ 대체로 동의한다
④ 중간이다
⑤ 별로 동의하지 않는다
⑥ 동의하지 않다
⑦ 전혀 동의하지 않는다
무응답"
68,3,[C_Q6_6],"양측이 자료집, 
동영상 등에서
주장하는 내용에 
대한 동의 정도
(3차)
",6) 경제 활성화,"Q. 다음은 양측에서 자료집이나 동영상 등을 통해 주장하고 있는 내용입니다. 이 내용에 대해서 동의하십니까? 아니면 동의하지 않으십니까?
",<신고리 5·6호기 건설 및 운영은 국민경제를 활성화시킨다>,"1
2
3
4
5
6
7
9","① 매우 동의한다
② 동의한다
③ 대체로 동의한다
④ 중간이다
⑤ 별로 동의하지 않는다
⑥ 동의하지 않다
⑦ 전혀 동의하지 않는다
무응답"
69,3,[C_Q6_7],"양측이 자료집, 
동영상 등에서
주장하는 내용에 
대한 동의 정도
(3차)
",7) 전기요금 인상 수용 가능 수준,"Q. 다음은 양측에서 자료집이나 동영상 등을 통해 주장하고 있는 내용입니다. 이 내용에 대해서 동의하십니까? 아니면 동의하지 않으십니까?
",<신고리 5·6호기 건설 중단에 따른 전기요금 인상은 사회적 합의를 통해 수용 가능한 수준이다>,"1
2
3
4
5
6
7
9","① 매우 동의한다
② 동의한다
③ 대체로 동의한다
④ 중간이다
⑤ 별로 동의하지 않는다
⑥ 동의하지 않다
⑦ 전혀 동의하지 않는다
무응답"
70,3,[C_Q6_8],"양측이 자료집, 
동영상 등에서
주장하는 내용에 
대한 동의 정도
(3차)
",8) 전기요금 인상,"Q. 다음은 양측에서 자료집이나 동영상 등을 통해 주장하고 있는 내용입니다. 이 내용에 대해서 동의하십니까? 아니면 동의하지 않으십니까?
",<신고리 5·6호기 건설을 중단하면 발전비용이 비싼 다른 발전소를 대신 짓게 되어 전기요금은 크게 오를 수밖에 없다>,"1
2
3
4
5
6
7
9","① 매우 동의한다
② 동의한다
③ 대체로 동의한다
④ 중간이다
⑤ 별로 동의하지 않는다
⑥ 동의하지 않다
⑦ 전혀 동의하지 않는다
무응답"
71,3,[C_Q6_9],"양측이 자료집, 
동영상 등에서
주장하는 내용에 
대한 동의 정도
(3차)
",9) 경제성 감소,"Q. 다음은 양측에서 자료집이나 동영상 등을 통해 주장하고 있는 내용입니다. 이 내용에 대해서 동의하십니까? 아니면 동의하지 않으십니까?
",<원전 경제성은 계속 나빠질 것이다>,"1
2
3
4
5
6
7
9","① 매우 동의한다
② 동의한다
③ 대체로 동의한다
④ 중간이다
⑤ 별로 동의하지 않는다
⑥ 동의하지 않다
⑦ 전혀 동의하지 않는다
무응답"
72,3,[C_Q6_10],"양측이 자료집, 
동영상 등에서
주장하는 내용에 
대한 동의 정도
(3차)
",10) 저렴한 발전원,"Q. 다음은 양측에서 자료집이나 동영상 등을 통해 주장하고 있는 내용입니다. 이 내용에 대해서 동의하십니까? 아니면 동의하지 않으십니까?
",<원자력은 모든 발전원 중 가장 저렴하다>,"1
2
3
4
5
6
7
9","① 매우 동의한다
② 동의한다
③ 대체로 동의한다
④ 중간이다
⑤ 별로 동의하지 않는다
⑥ 동의하지 않다
⑦ 전혀 동의하지 않는다
무응답"
73,3,[C_Q7_1],"건설 중단/재개에 
대한 공감도
(3차)",1) 건설 중단,"Q. 건설을 재개해야 한다는 측도 다양한 주장이 있고, 건설을 
중단해야 한다는 측도 다양한 주장이 있습니다. 다음 각각의 
주장에 대해 얼마나 공감하십니까?",<건설을 중단해야 한다는 주장>,"1
2
3
4
5
6
7
9","① 매우 그렇다
② 그렇다
③ 대체로 그렇다
④ 그저 그렇다
⑤ 별로 그렇지 않다
⑥ 그렇지 않다
⑦ 전혀 그렇지 않다
무응답"
74,3,[C_Q7_2],"건설 중단/재개에 
대한 공감도
(3차)",2) 건설 재개,"Q. 건설을 재개해야 한다는 측도 다양한 주장이 있고, 건설을 
중단해야 한다는 측도 다양한 주장이 있습니다. 다음 각각의 
주장에 대해 얼마나 공감하십니까?",<건설을 재개해야 한다는 주장>,"1
2
3
4
5
6
7
9","① 매우 그렇다
② 그렇다
③ 대체로 그렇다
④ 그저 그렇다
⑤ 별로 그렇지 않다
⑥ 그렇지 않다
⑦ 전혀 그렇지 않다
무응답"
75,3,[C_Q8],"가동 중인 
원자력발전소 수
(3차)",,"Q. 현재 우리나라에서 전기를 생산중인 원자력 발전소는 몇 
기로 알고 계십니까?",,"1
2
3
4
5
9","① 20기
② 22기
③ 24기 (정답)
④ 26기
⑤ 잘 모르겠다
무응답"
76,3,[C_Q9],"신고리 5·6호기
위치 (3차)",,Q. 신고리 5·6호기가 위치한 지역은 어디로 알고 계십니까?,,"1
2
3
4
5
9","① 울주 (정답)
② 경주
③ 영광
④ 울진
⑤ 잘 모르겠다
무응답"
77,3,[C_Q10],"원자력발전 연료
(3차)",,Q. 우리나라 원자력발전소에서 사용하는 연료는 무엇으로 알고 계십니까?,,"1
2
3
4
5
9","① 세슘
② 우라늄 (정답)
③ 토륨
④ 플루토늄
⑤ 잘 모르겠다
무응답"
78,3,[C_Q11],"사용후핵연료가
가장 많이 보관된 
원전 위치 (3차)",,"Q. 현재 우리나라 원자력발전소 부지 중, 사용후핵연료가 가장 
많이 보관되어 있는 곳은 어디로 알고 계십니까? (2017년 원
자력안전위원회 기준) ",,"1
2
3
4
5
9","① 고리
② 월성 (정답)
③ 한빛(영광)
④ 한울(울진)
⑤ 잘 모르겠다
무응답"
79,3,[C_Q12],"원전을 가장 많이 
운영하는 국가 
(3차)",,Q. 현재 원자력발전소를 가장 많이 운영하고 있는 국가는 어디로 알고 계십니까? (2017년 세계원자력협회 기준),,"1
2
3
4
5
9","① 한국
② 프랑스
③ 일본
④ 미국 (정답)
⑤ 잘 모르겠다
무응답"
80,3,[C_Q13],"재생에너지 
비중이 가장 큰 
국가 (3차)",,Q. 현재 재생에너지 비중이 가장 큰 국가는 어디로 알고 계십니까? (2017년 국제에너지기구 기준),,"1
2
3
4
5
9","① 독일
② 한국
③ 오스트리아 (정답)
④ 포르투갈
⑤ 잘 모르겠다
무응답"
81,3,[C_Q14],"가장 비중이 큰 
에너지원 (3차)",,Q. 현재 우리나라 전기생산량 중 가장 많은 비중을 차지하는 에너지원은 무엇으로 알고 계십니까? (2016년 한국전력통계 기준),,"1
2
3
4
5
9","① 신재생
② 가스(LNG)
③ 원자력
④ 석탄 (정답)
⑤ 잘 모르겠다
무응답"
82,3,[C_Q15],"영구 정지된 
발전소 (3차)",,Q. 우리나라에는 2017년 6월부터 영구적으로 운영이 정지된 발전소가 있습니다. 어느 발전소로 알고 계십니까?,,"1
2
3
4
5
9","① 영광 1호기
② 월성 1호기
③ 고리 1호기 (정답)
④ 울진 1호기
⑤ 잘 모르겠다
무응답"
83,3,[C_DQ1],학력,,Q. 학교를 어디까지 마치셨나요?,,"1
2
3
9","① 중졸 이하
② 고졸
③ 대재 이상
무응답"
84,3,[C_DQ2],사회적 계층,,"Q. 한국 사회를 10개 층으로 나눈다면, 현재 선생님의 가정은 어느 계층에 속한다고 생각하십니까? ‘낮다’면 1, ‘높다’면 10으로 1에서 10까지 사이의 숫자를 선택해 주십시오.",,"1
2
3
4
5
6
7
8
9
10
99","낮다
낮다
낮다
낮다
중간
중간
높다
높다
높다
높다
무응답"
85,3,[C_DQ3],이념 성향,,Q. 정치적 이념(성향)을 선택해 주십시오.,,"1
2
3
4
5
9","① 매우 진보
② 진보
③ 진보도 보수도 아니다
④ 보수
⑤ 매우 보수
무응답"
86,3,[C_DQ4],직업 (3차),,Q. 직업으로 하시는 일은 무엇입니까?,,"1
2
3
4
5
6
7
8
9","① 농/림/어업 
② 자영업
③ 판매/영업/서비스직
④ 생산/기능/노무직
⑤ 사무/관리/전문직
⑥ 주부 (가사에만 종사)
⑦ 학생
⑧ 무직/퇴직/은퇴 등
무응답"
87,3,[C_DQ5],월평균 가구 총소득,,Q. 월평균 가구 총소득은 대략 어느 정도 입니까?,,"1
2
3
4
5
6
7
8
9","① 100만원 미만
② 100만원 이상 200만원 미만
③ 200만원 이상 300만원 미만  
④ 300만원 이상 400만원 미만
⑤ 400만원 이상 500만원 미만  
⑥ 500만원 이상 600만원 미만
⑦ 600만원 이상 700만원 미만 
⑧ 700만원 이상 
무응답"
88,3,[C_DQ6],종교,,Q. 종교는 어떻게 되십니까?,,"1
2
3
4
5
9","① 기독교
② 불교
③ 천주교
④ 기타
⑤ 무교
무응답
"
89,4,[D_Q1],"신고리 5·6호기
건설 중단/재개에
대한 입장
(유보 포함)
(4차)",,"Q. 신고리 원자력발전소 5‧6호기를 건설 중단해야 할지, 건설 재개해야 할지에 대해 다양한 의견들이 있습니다. 어떻게 해야 한다고 생각하십니까?",,"1
2
3
4
","① 건설을 중단해야 한다고 생각한다
② 건설을 재개해야 한다고 생각한다
③ 아직은 판단하기 어렵다
④ 잘 모르겠다
"
90,4,[D_Q1_1],"신고리 5·6호기
건설 중단 이유
(4차)",,Q. 신고리 5‧6호기를 건설 중단해야 한다고 생각하시는 가장 큰 이유는 무엇입니까?,,"1
2
3
4
5
9","① 체르노빌, 후쿠시마 원전사고와 같은 위험이 상존해서
② 핵폐기물은 수십만 년간 방사선을 방출해 인류생존을 위협해서
③ 핵폐기물 처분과 폐로 등 비용을 감안하면 비싼 발전 방식이어서
④ 탈원전, 신재생에너지 정책은 세계적인 추세여서
⑤ 기타
⑨ 잘 모르겠다
"
91,4,[D_Q1_2],"신고리 5·6호기
건설 재개 이유
(4차)",,Q. 신고리 5‧6호기를 건설 재개해야 한다고 생각하시는 가장 큰 이유는 무엇입니까?,,"1
2
3
4
5
9","① 전기요금 인상으로 가계와 기업에 부담이 증가할 수 있어서
② 전력공급 안정성에 문제가 생길 것 같아서
③ 원전건설이 중단될 경우 2조 8천억원의 피해비용이 발생해서
④ 일자리 감소 및 원전 수출기회 상실 등 경제에 악영향을 줄 것 같아서
⑤ 기타
⑨ 잘 모르겠다"
92,4,[D_Q2],"원자력발전 정책 
방향 (4차)",,Q. 우리나라 원자력발전 정책이 어떠한 방향으로 나아가야 한다고 생각하십니까?,,"1
2
3
9
","① 원자력발전 축소
② 원자력발전 현상 유지
③ 원자력발전 확대
⑨ 잘 모르겠다
"
93,4,[D_Q3_1],"신고리 5·6호기
중단/재개 결정에
대한 판단 중요성
(4차)
",1) 안정성 측면,Q. 다음의 내용이 신고리 5·6호기 중단 또는 재개 결정을 내리는 데 얼마나 중요하다고 생각하십니까?,<결정을 내리는데 중요한 고려 요인 : 안정성 측면>,"1
2
3
4
5
6
7
9
","① 매우 중요하다
② 중요하다
③ 조금 중요하다
④ 보통이다
⑤ 별로 중요하지 않다
⑥ 중요하지 않다
⑦ 전혀 중요하지 않다
무응답
"
94,4,[D_Q3_2],"신고리 5·6호기
중단/재개 결정에
대한 판단 중요성
(4차)
",2) 안정적 에너지 공급 측면,Q. 다음의 내용이 신고리 5·6호기 중단 또는 재개 결정을 내리는 데 얼마나 중요하다고 생각하십니까?,<결정을 내리는데 중요한 고려 요인 : 안정적 에너지 공급 측면>,"1
2
3
4
5
6
7
9
","① 매우 중요하다
② 중요하다
③ 조금 중요하다
④ 보통이다
⑤ 별로 중요하지 않다
⑥ 중요하지 않다
⑦ 전혀 중요하지 않다
무응답
"
95,4,[D_Q3_3],"신고리 5·6호기
중단/재개 결정에
대한 판단 중요성
(4차)
",3) 전력공급 경제성 측면,Q. 다음의 내용이 신고리 5·6호기 중단 또는 재개 결정을 내리는 데 얼마나 중요하다고 생각하십니까?,<결정을 내리는데 중요한 고려 요인 : 전력공급 경제성 측면>,"1
2
3
4
5
6
7
9
","① 매우 중요하다
② 중요하다
③ 조금 중요하다
④ 보통이다
⑤ 별로 중요하지 않다
⑥ 중요하지 않다
⑦ 전혀 중요하지 않다
무응답
"
96,4,[D_Q3_4],"신고리 5·6호기
중단/재개 결정에
대한 판단 중요성
(4차)
",4) 지역 및 국가 산업 측면,Q. 다음의 내용이 신고리 5·6호기 중단 또는 재개 결정을 내리는 데 얼마나 중요하다고 생각하십니까?,<결정을 내리는데 중요한 고려 요인 : 지역 및 국가 산업 측면>,"1
2
3
4
5
6
7
9
","① 매우 중요하다
② 중요하다
③ 조금 중요하다
④ 보통이다
⑤ 별로 중요하지 않다
⑥ 중요하지 않다
⑦ 전혀 중요하지 않다
무응답
"
97,4,[D_Q3_5],"신고리 5·6호기
중단/재개 결정에
대한 판단 중요성
(4차)
",5) 전기요금 측면,Q. 다음의 내용이 신고리 5·6호기 중단 또는 재개 결정을 내리는 데 얼마나 중요하다고 생각하십니까?,<결정을 내리는데 중요한 고려 요인 : 전기요금 측면>,"1
2
3
4
5
6
7
9
","① 매우 중요하다
② 중요하다
③ 조금 중요하다
④ 보통이다
⑤ 별로 중요하지 않다
⑥ 중요하지 않다
⑦ 전혀 중요하지 않다
무응답
"
98,4,[D_Q3_6],"신고리 5·6호기
중단/재개 결정에
대한 판단 중요성
(4차)
",6) 환경성 측면,Q. 다음의 내용이 신고리 5·6호기 중단 또는 재개 결정을 내리는 데 얼마나 중요하다고 생각하십니까?,<결정을 내리는데 중요한 고려 요인 : 환경성 측면>,"1
2
3
4
5
6
7
9
","① 매우 중요하다
② 중요하다
③ 조금 중요하다
④ 보통이다
⑤ 별로 중요하지 않다
⑥ 중요하지 않다
⑦ 전혀 중요하지 않다
무응답
"
99,4,[D_Q4_1],"정보원별 신고리 
5·6호기에 대한
정보 신뢰도 (4차)",1) 정부,Q. 다음 정보원이 제공하는 신고리 5‧6호기에 대한 정보를 얼마나 신뢰하십니까?,<신고리 5·6호기에 대한 정보 신뢰도 : 정부>,"1
2
3
4
5
6
7
9","① 매우 신뢰한다
② 신뢰한다
③ 조금 신뢰한다
④ 중간이다
⑤ 별로 신뢰하지 않는다
⑥ 신뢰하지 않다
⑦ 전혀 신뢰하지 않는다
무응답"
100,4,[D_Q4_2],"정보원별 신고리 
5·6호기에 대한
정보 신뢰도 (4차)",2) 원자력 전문가 ,Q. 다음 정보원이 제공하는 신고리 5‧7호기에 대한 정보를 얼마나 신뢰하십니까?,<신고리 5·6호기에 대한 정보 신뢰도 : 원자력 전문가>,"1
2
3
4
5
6
7
9","① 매우 신뢰한다
② 신뢰한다
③ 조금 신뢰한다
④ 중간이다
⑤ 별로 신뢰하지 않는다
⑥ 신뢰하지 않다
⑦ 전혀 신뢰하지 않는다
무응답"
101,4,[D_Q4_3],"정보원별 신고리 
5·6호기에 대한
정보 신뢰도 (4차)",3) 원자력발전 사업자,Q. 다음 정보원이 제공하는 신고리 5‧8호기에 대한 정보를 얼마나 신뢰하십니까?,<신고리 5·6호기에 대한 정보 신뢰도 : 원자력발전 사업자>,"1
2
3
4
5
6
7
9","① 매우 신뢰한다
② 신뢰한다
③ 조금 신뢰한다
④ 중간이다
⑤ 별로 신뢰하지 않는다
⑥ 신뢰하지 않다
⑦ 전혀 신뢰하지 않는다
무응답"
102,4,[D_Q4_4],"정보원별 신고리 
5·6호기에 대한
정보 신뢰도 (4차)",4) 시민단체,Q. 다음 정보원이 제공하는 신고리 5‧9호기에 대한 정보를 얼마나 신뢰하십니까?,<신고리 5·6호기에 대한 정보 신뢰도 : 시민단체>,"1
2
3
4
5
6
7
9","① 매우 신뢰한다
② 신뢰한다
③ 조금 신뢰한다
④ 중간이다
⑤ 별로 신뢰하지 않는다
⑥ 신뢰하지 않다
⑦ 전혀 신뢰하지 않는다
무응답"
103,4,[D_Q4_5],"정보원별 신고리 
5·6호기에 대한
정보 신뢰도 (4차)","5) 시민, 방송 등 대중매체",Q. 다음 정보원이 제공하는 신고리 5‧10호기에 대한 정보를 얼마나 신뢰하십니까?,"<신고리 5·6호기에 대한 정보 신뢰도 : 시민, 방송 등 대중매체>","1
2
3
4
5
6
7
9","① 매우 신뢰한다
② 신뢰한다
③ 조금 신뢰한다
④ 중간이다
⑤ 별로 신뢰하지 않는다
⑥ 신뢰하지 않다
⑦ 전혀 신뢰하지 않는다
무응답"
104,4,[D_Q4_6],"정보원별 신고리 
5·6호기에 대한
정보 신뢰도 (4차)",6) 인터넷 상의 정보,Q. 다음 정보원이 제공하는 신고리 5‧11호기에 대한 정보를 얼마나 신뢰하십니까?,<신고리 5·6호기에 대한 정보 신뢰도 : 인터넷 상의 정보>,"1
2
3
4
5
6
7
9","① 매우 신뢰한다
② 신뢰한다
③ 조금 신뢰한다
④ 중간이다
⑤ 별로 신뢰하지 않는다
⑥ 신뢰하지 않다
⑦ 전혀 신뢰하지 않는다
무응답"
105,4,[D_Q4_7],"정보원별 신고리 
5·6호기에 대한
정보 신뢰도 (4차)",7) 건설 중단 측전문가,Q. 다음 정보원이 제공하는 신고리 5‧12호기에 대한 정보를 얼마나 신뢰하십니까?,<신고리 5·6호기에 대한 정보 신뢰도 : 건설 중단 측 전문가>,"1
2
3
4
5
6
7
9","① 매우 신뢰한다
② 신뢰한다
③ 조금 신뢰한다
④ 중간이다
⑤ 별로 신뢰하지 않는다
⑥ 신뢰하지 않다
⑦ 전혀 신뢰하지 않는다
무응답"
106,4,[D_Q4_8],"정보원별 신고리 
5·6호기에 대한
정보 신뢰도 (4차)",8) 건설 재개 측전문가,Q. 다음 정보원이 제공하는 신고리 5‧13호기에 대한 정보를 얼마나 신뢰하십니까?,<신고리 5·6호기에 대한 정보 신뢰도 : 건설 재개 측 전문가>,"1
2
3
4
5
6
7
9","① 매우 신뢰한다
② 신뢰한다
③ 조금 신뢰한다
④ 중간이다
⑤ 별로 신뢰하지 않는다
⑥ 신뢰하지 않다
⑦ 전혀 신뢰하지 않는다
무응답"
107,4,[D_Q5_1],"양측이 자료집, 
동영상 등에서
주장하는 내용에 
대한 동의 정도
(4차)",1) 위험 증가,Q. 다음은 양측에서 자료집이나 동영상 등을 통해 주장하고 있는 내용입니다. 이 내용에 대해서 동의하십니까? 아니면 동의하지 않으십니까?,<신고리 5·6호기로 위험이 증가한다>,"1
2
3
4
5
6
7
9
","① 매우 동의한다
② 동의한다
③ 대체로 동의한다
④ 중간이다
⑤ 별로 동의하지 않는다
⑥ 동의하지 않다
⑦ 전혀 동의하지 않는다
무응답"
108,4,[D_Q5_2],"양측이 자료집, 
동영상 등에서
주장하는 내용에 
대한 동의 정도
(4차)",2) 안전한 원전,Q. 다음은 양측에서 자료집이나 동영상 등을 통해 주장하고 있는 내용입니다. 이 내용에 대해서 동의하십니까? 아니면 동의하지 않으십니까?,<신고리 5·6호기는 세계에서 가장 안전한 원전이다>,"1
2
3
4
5
6
7
9
","① 매우 동의한다
② 동의한다
③ 대체로 동의한다
④ 중간이다
⑤ 별로 동의하지 않는다
⑥ 동의하지 않다
⑦ 전혀 동의하지 않는다
무응답"
109,4,[D_Q5_3],"양측이 자료집, 
동영상 등에서
주장하는 내용에 
대한 동의 정도
(4차)",3) 전력공급의 안정,Q. 다음은 양측에서 자료집이나 동영상 등을 통해 주장하고 있는 내용입니다. 이 내용에 대해서 동의하십니까? 아니면 동의하지 않으십니까?,<신고리 5·6호기부터 원전 건설을 중단하더라도 안정적인 전력공급이 가능하다>,"1
2
3
4
5
6
7
9
","① 매우 동의한다
② 동의한다
③ 대체로 동의한다
④ 중간이다
⑤ 별로 동의하지 않는다
⑥ 동의하지 않다
⑦ 전혀 동의하지 않는다
무응답"
110,4,[D_Q5_4],"양측이 자료집, 
동영상 등에서
주장하는 내용에 
대한 동의 정도
(4차)",4) 전력공급의 불안정,Q. 다음은 양측에서 자료집이나 동영상 등을 통해 주장하고 있는 내용입니다. 이 내용에 대해서 동의하십니까? 아니면 동의하지 않으십니까?,<신고리 5·6호기부터 원전 건설을 중단하게 된다면 가까운 미래에 안정적인 전력공급이 어려워진다>,"1
2
3
4
5
6
7
9
","① 매우 동의한다
② 동의한다
③ 대체로 동의한다
④ 중간이다
⑤ 별로 동의하지 않는다
⑥ 동의하지 않다
⑦ 전혀 동의하지 않는다
무응답"
111,4,[D_Q5_5],"양측이 자료집, 
동영상 등에서
주장하는 내용에 
대한 동의 정도
(4차)",5) 재생에너지 투자,Q. 다음은 양측에서 자료집이나 동영상 등을 통해 주장하고 있는 내용입니다. 이 내용에 대해서 동의하십니까? 아니면 동의하지 않으십니까?,<신고리 5·6호기 중단으로 생기는 재원을 재생에너지에 투자할 때이다>,"1
2
3
4
5
6
7
9
","① 매우 동의한다
② 동의한다
③ 대체로 동의한다
④ 중간이다
⑤ 별로 동의하지 않는다
⑥ 동의하지 않다
⑦ 전혀 동의하지 않는다
무응답"
112,4,[D_Q5_6],"양측이 자료집, 
동영상 등에서
주장하는 내용에 
대한 동의 정도
(4차)",6) 경제 활성화,Q. 다음은 양측에서 자료집이나 동영상 등을 통해 주장하고 있는 내용입니다. 이 내용에 대해서 동의하십니까? 아니면 동의하지 않으십니까?,<신고리 5·6호기 건설 및 운영은 국민경제를 활성화시킨다>,"1
2
3
4
5
6
7
9
","① 매우 동의한다
② 동의한다
③ 대체로 동의한다
④ 중간이다
⑤ 별로 동의하지 않는다
⑥ 동의하지 않다
⑦ 전혀 동의하지 않는다
무응답"
113,4,[D_Q5_7],"양측이 자료집, 
동영상 등에서
주장하는 내용에 
대한 동의 정도
(4차)",7) 전기요금 인상 수용 가능 수준,Q. 다음은 양측에서 자료집이나 동영상 등을 통해 주장하고 있는 내용입니다. 이 내용에 대해서 동의하십니까? 아니면 동의하지 않으십니까?,<신고리 5·6호기 건설 중단에 따른 전기요금 인상은 사회적 합의를 통해 수용 가능한 수준이다>,"1
2
3
4
5
6
7
9
","① 매우 동의한다
② 동의한다
③ 대체로 동의한다
④ 중간이다
⑤ 별로 동의하지 않는다
⑥ 동의하지 않다
⑦ 전혀 동의하지 않는다
무응답"
114,4,[D_Q5_8],"양측이 자료집, 
동영상 등에서
주장하는 내용에 
대한 동의 정도
(4차)",8) 전기요금 인상 ,Q. 다음은 양측에서 자료집이나 동영상 등을 통해 주장하고 있는 내용입니다. 이 내용에 대해서 동의하십니까? 아니면 동의하지 않으십니까?,<신고리 5·6호기 건설을 중단하면 발전비용이 비싼 다른 발전소를 대신 짓게 되어 전기요금은 크게 오를 수밖에 없다>,"1
2
3
4
5
6
7
9
","① 매우 동의한다
② 동의한다
③ 대체로 동의한다
④ 중간이다
⑤ 별로 동의하지 않는다
⑥ 동의하지 않다
⑦ 전혀 동의하지 않는다
무응답"
115,4,[D_Q5_9],"양측이 자료집, 
동영상 등에서
주장하는 내용에 
대한 동의 정도
(4차)",9) 경제성 감소,Q. 다음은 양측에서 자료집이나 동영상 등을 통해 주장하고 있는 내용입니다. 이 내용에 대해서 동의하십니까? 아니면 동의하지 않으십니까?,<원전 경제성은 계속 나빠질 것이다>,"1
2
3
4
5
6
7
9
","① 매우 동의한다
② 동의한다
③ 대체로 동의한다
④ 중간이다
⑤ 별로 동의하지 않는다
⑥ 동의하지 않다
⑦ 전혀 동의하지 않는다
무응답"
116,4,[D_Q5_10],"양측이 자료집, 
동영상 등에서
주장하는 내용에 
대한 동의 정도
(4차)",10) 저렴한 발전원,Q. 다음은 양측에서 자료집이나 동영상 등을 통해 주장하고 있는 내용입니다. 이 내용에 대해서 동의하십니까? 아니면 동의하지 않으십니까?,<원자력은 모든 발전원 중 가장 저렴하다>,"1
2
3
4
5
6
7
9
","① 매우 동의한다
② 동의한다
③ 대체로 동의한다
④ 중간이다
⑤ 별로 동의하지 않는다
⑥ 동의하지 않다
⑦ 전혀 동의하지 않는다
무응답"
117,4,[D_Q6_1],"건설 중단/재개에 
대한 공감도
(4차)",1) 건설 중단,"Q. 건설을 재개해야 한다는 측도 다양한 주장이 있고, 건설을 중단해야 한다는 측도 다양한 주장이 있습니다. 다음 각각의 주장에 대해 얼마나 공감하십니까?",<건설을 중단해야 한다는 주장>,"1
2
3
4
5
6
7
9
","① 매우 그렇다
② 그렇다
③ 대체로 그렇다
④ 그저 그렇다
⑤ 별로 그렇지 않다
⑥ 그렇지 않다
⑦ 전혀 그렇지 않다
무응답"
118,4,[D_Q6_2],"건설 중단/재개에 
대한 공감도
(4차)",2) 건설 재개,"Q. 건설을 재개해야 한다는 측도 다양한 주장이 있고, 건설을 중단해야 한다는 측도 다양한 주장이 있습니다. 다음 각각의 주장에 대해 얼마나 공감하십니까?",<건설을 재개해야 한다는 주장>,"1
2
3
4
5
6
7
9
","① 매우 그렇다
② 그렇다
③ 대체로 그렇다
④ 그저 그렇다
⑤ 별로 그렇지 않다
⑥ 그렇지 않다
⑦ 전혀 그렇지 않다
무응답"
119,4,[D_Q7],"신고리 5·6호기
건설 중단/재개에
대한 입장
(유보 제외)",,"Q. 모든 것을 종합해서 최종적으로 양측 의견 중 하나를 반드 시 선택해야 한다면,  선생님께서는 신고리 원자력발전소 5‧6호기 건설을 중단해야 한다고 생각하십니까?,  아니면 건설을 재개해야 한다고 생각하십니까? ",,"1
2","① 건설을 중단해야 한다고 생각한다
② 건설을 재개해야 한다고 생각한다"
120,4,[D_Q8],"신고리 5·6호기
건설 중단/재개
최종결과에 대한
존중 정도",,"Q. 신고리 5·6호기 건설 중단 또는 재개에 대한 최종결과가 본인의 의견과 다를 때, 이에 대해 얼마나 존중하시겠습니까?",,"1
2
3
4
9
","① 전적으로 존중하겠다
② 존중하겠다
③ 존중할 수 없다
④ 전혀 존중할 수 없다
무응답
"
121,4,[D_Q9_M1],"신고리 5·6호기
건설 중단 시
필요한 조치
(1, 2순위)",,"Q. 건설을 중단할 경우, 다음의 조치가 필요하다는 의견도 있습니다. 다음 조치 중 가장 필요하다고 생각되는 의견에 대해 1순위와 2순위를 골라주십시오",<1순위>,"1
2
3
4
9","① 기존 원전의 안전한 운영을 위한 인력양성을 지원해야 한다
② 원전수출 활성화를 위해 지속적으로 노력해야 한다
③ 원자력 기술을 유지·발전시키기 위한 투자를 해야 한다
④ 원전산업 종사자를 위한 사기진작 방안을 모색해야 한다
무응답"
122,4,[D_Q9_M2],"신고리 5·6호기
건설 중단 시
필요한 조치
(1, 2순위)",,"Q. 건설을 중단할 경우, 다음의 조치가 필요하다는 의견도 있습니다. 다음 조치 중 가장 필요하다고 생각되는 의견에 대해 1순위와 2순위를 골라주십시오",<2순위>,"1
2
3
4
9","① 기존 원전의 안전한 운영을 위한 인력양성을 지원해야 한다
② 원전수출 활성화를 위해 지속적으로 노력해야 한다
③ 원자력 기술을 유지·발전시키기 위한 투자를 해야 한다
④ 원전산업 종사자를 위한 사기진작 방안을 모색해야 한다
무응답"
123,4,[D_Q9_1],"신고리 5·6호기
건설 중단 시
필요한 기타 조치",,"Q. 건설을 중단할 경우, 위의 조치 이외에 필요한 조치가 있다면 어떤 것이 있을까요? 반드시 필요하다고 생각하시는 조치를 적어주십시오. (오픈형 질문)",,,
124,4,[D_Q10_M1],"신고리 5·6호기
건설 재개 시
필요한 조치
(1, 2순위)
",,"Q. 건설을 재개할 경우, 다음의 조치가 필요하다는 의견도 있습니다. 다음 조치 중 가장 필요하다고 생각되는 의견에 대해 1순위와 2순위를 골라주십시오",<1순위>,"1
2
3
4
9","① 원전의 안전기준을 더 강화해야 한다
② 정부는 탈원전 정책을 유지해야 한다
③ 사용후핵연료 해결방안을 가급적 빨리 마련해야 한다
④ 신재생에너지 비중을 늘이기 위한 투자를 확대해야 한다
무응답"
125,4,[D_Q10_M2],"신고리 5·6호기
건설 재개 시
필요한 조치
(1, 2순위)
",,"Q. 건설을 재개할 경우, 다음의 조치가 필요하다는 의견도 있습니다. 다음 조치 중 가장 필요하다고 생각되는 의견에 대해 1순위와 2순위를 골라주십시오",<2순위>,"1
2
3
4
9","① 원전의 안전기준을 더 강화해야 한다
② 정부는 탈원전 정책을 유지해야 한다
③ 사용후핵연료 해결방안을 가급적 빨리 마련해야 한다
④ 신재생에너지 비중을 늘이기 위한 투자를 확대해야 한다
무응답"
126,4,[D_Q10_1],"신고리 5·6호기
건설 재개 시
필요한 기타 조치",,"Q. 건설을 재개할 경우, 위의 조치 이외에 필요한 조치가 있다면 어떤 것이 있을까요? 반드시 필요하다고 생각하시는 조치를 적어주십시오. (오픈형 질문)",,,
127,4,[D_Q11],"가동 중인 
원자력발전소 수
(4차)",,Q. 현재 우리나라에서 전기를 생산중인 원자력 발전소는 몇 기로 알고 계십니까?,,"1
2
3
4
5
9","① 20기
② 22기
③ 24기 (정답)
④ 26기
⑤ 잘 모르겠다
무응답"
128,4,[D_Q12],"신고리 5·6호기
위치 (4차)",,Q. 신고리 5·6호기가 위치한 지역은 어디로 알고 계십니까?,,"1
2
3
4
5
9","① 울주 (정답)
② 경주
③ 영광
④ 울진
⑤ 잘 모르겠다
무응답"
129,4,[D_Q13],"원자력발전 연료
(4차)",,Q. 우리나라 원자력발전소에서 사용하는 연료는 무엇으로 알고 계십니까?,,"1
2
3
4
5
9","① 세슘
② 우라늄 (정답)
③ 토륨
④ 플루토늄
⑤ 잘 모르겠다
무응답"
130,4,[D_Q14],"사용후핵연료가
가장 많이 보관된 
원전 위치 (4차)",,"Q. 현재 우리나라 원자력발전소 부지 중, 사용후핵연료가 가장 많이 보관되어 있는 곳은 어디로 알고 계십니까? (2017년 원자력안전위원회 기준) ",,"1
2
3
4
5
9","① 고리
② 월성 (정답)
③ 한빛(영광)
④ 한울(울진)
⑤ 잘 모르겠다
무응답"
131,4,[D_Q15],"원전을 가장 많이 
운영하는 국가 
(4차)",,Q. 현재 원자력발전소를 가장 많이 운영하고 있는 국가는 어디로 알고 계십니까? (2017년 세계원자력협회 기준),,"1
2
3
4
5
9","① 한국
② 프랑스
③ 일본
④ 미국 (정답)
⑤ 잘 모르겠다
무응답"
132,4,[D_Q16],"재생에너지 
비중이 가장 큰 
국가 (4차)",,Q. 현재 재생에너지 비중이 가장 큰 국가는 어디로 알고 계십니까? (2017년 국제에너지기구 기준),,"1
2
3
4
5
9","① 독일
② 한국
③ 오스트리아 (정답)
④ 포르투갈
⑤ 잘 모르겠다
무응답"
133,4,[D_Q17],"가장 비중이 큰 
에너지원 (4차)",,Q. 현재 우리나라 전기생산량 중 가장 많은 비중을 차지하는 에너지원은 무엇으로 알고 계십니까? (2016년 한국전력통계 기준),,"1
2
3
4
5
9","① 신재생
② 가스(LNG)
③ 원자력
④ 석탄 (정답)
⑤ 잘 모르겠다
무응답"
134,4,[D_Q18],"영구 정지된 
발전소 (4차)",,Q. 우리나라에는 2017년 6월부터 영구적으로 운영이 정지된 발전소가 있습니다. 어느 발전소로 알고 계십니까?,,"1
2
3
4
5
9","① 영광 1호기
② 월성 1호기
③ 고리 1호기 (정답)
④ 울진 1호기
⑤ 잘 모르겠다
무응답"
135,4,[D_Q19_1],정치적 태도,1) 정치적 태도1,Q. 다음 각 내용에 어떻게 생각하십니까?,<정치인들은 나와 같은 사람들이 무슨 생각을 하는지 관심을 기울인다>,"1
2
3
4
5
6
7
9","① 매우 그렇다
② 그렇다
③ 대체로 그렇다
④ 그저 그렇다
⑤ 별로 그렇지 않다
⑥ 그렇지 않다
⑦ 거의 그렇지 않다
무응답"
136,4,[D_Q19_2],정치적 태도,2) 정치적 태도2,Q. 다음 각 내용에 어떻게 생각하십니까?,<대다수 공공 정책들은 너무 복잡해서 나 같은 사람이 이해하기는 어렵다>,"1
2
3
4
5
6
7
9","① 매우 그렇다
② 그렇다
③ 대체로 그렇다
④ 그저 그렇다
⑤ 별로 그렇지 않다
⑥ 그렇지 않다
⑦ 거의 그렇지 않다
무응답"
137,4,[D_Q19_3],정치적 태도,3) 정치적 태도3,Q. 다음 각 내용에 어떻게 생각하십니까?,<일반 사람들은 정부가 하는 일에 영향을 미치지 못한다>,"1
2
3
4
5
6
7
9","① 매우 그렇다
② 그렇다
③ 대체로 그렇다
④ 그저 그렇다
⑤ 별로 그렇지 않다
⑥ 그렇지 않다
⑦ 거의 그렇지 않다
무응답"
138,4,[D_Q19_4],정치적 태도,4) 정치적 태도4,Q. 다음 각 내용에 어떻게 생각하십니까?,<나는 정치와 사회 문제에 대해 말하고 싶은 내 의견을 가지고 있다>,"1
2
3
4
5
6
7
9","① 매우 그렇다
② 그렇다
③ 대체로 그렇다
④ 그저 그렇다
⑤ 별로 그렇지 않다
⑥ 그렇지 않다
⑦ 거의 그렇지 않다
무응답"
139,4,[D_Q19_5],정치적 태도,5) 정치적 태도5,Q. 다음 각 내용에 어떻게 생각하십니까?,<나는 정치와 사회 이슈에 대해서 보통 사람들보다 관심이 많은 편이다>,"1
2
3
4
5
6
7
9","① 매우 그렇다
② 그렇다
③ 대체로 그렇다
④ 그저 그렇다
⑤ 별로 그렇지 않다
⑥ 그렇지 않다
⑦ 거의 그렇지 않다
무응답"
140,4,[D_Q19_6],정치적 태도,6) 정치적 태도6,Q. 다음 각 내용에 어떻게 생각하십니까?,<나는 나와 생각이 다른 사람이라고 해도 그들의 견해를 존중한다>,"1
2
3
4
5
6
7
9","① 매우 그렇다
② 그렇다
③ 대체로 그렇다
④ 그저 그렇다
⑤ 별로 그렇지 않다
⑥ 그렇지 않다
⑦ 거의 그렇지 않다
무응답"
141,4,[D_Q19_7],정치적 태도,7) 정치적 태도7,Q. 다음 각 내용에 어떻게 생각하십니까?,<나와 생각이 다른 사람과 토론을 해서 합의를 볼 수 있다>,"1
2
3
4
5
6
7
9","① 매우 그렇다
② 그렇다
③ 대체로 그렇다
④ 그저 그렇다
⑤ 별로 그렇지 않다
⑥ 그렇지 않다
⑦ 거의 그렇지 않다
무응답"
142,4,[D_Q19_8],정치적 태도,8) 정치적 태도8,Q. 다음 각 내용에 어떻게 생각하십니까?,<나와 생각이 다른 사람과 합의하기 위해 내 의견을 절충할 수 있다>,"1
2
3
4
5
6
7
9","① 매우 그렇다
② 그렇다
③ 대체로 그렇다
④ 그저 그렇다
⑤ 별로 그렇지 않다
⑥ 그렇지 않다
⑦ 거의 그렇지 않다
무응답"
143,4,[D_Q20_1],"공론화 과정
공정성에 대한 
평가",1) 자료집,Q. 다음 과정이 얼마나 공정하였다고 평가하십니까? ,<공론화 과정 공정성에 대한 평가 : 자료집>,"1
2
3
4
5
6
7
9","① 매우 공정했다
② 공정했다
③ 대체로 공정했다
④ 그저 그렇다
⑤ 별로 공정하지 않았다
⑥ 공정하지 않았다
⑦ 전혀 공정하지 않았다
무응답"
144,4,[D_Q20_2],"공론화 과정
공정성에 대한 
평가",2) 이러닝 자료,Q. 다음 과정이 얼마나 공정하였다고 평가하십니까? ,<공론화 과정 공정성에 대한 평가 : 이러닝 동영상 자료>,"1
2
3
4
5
6
7
9","① 매우 공정했다
② 공정했다
③ 대체로 공정했다
④ 그저 그렇다
⑤ 별로 공정하지 않았다
⑥ 공정하지 않았다
⑦ 전혀 공정하지 않았다
무응답"
145,4,[D_Q20_3],"공론화 과정
공정성에 대한 
평가",3) 사회자,Q. 다음 과정이 얼마나 공정하였다고 평가하십니까? ,<공론화 과정 공정성에 대한 평가 : 사회자>,"1
2
3
4
5
6
7
9","① 매우 공정했다
② 공정했다
③ 대체로 공정했다
④ 그저 그렇다
⑤ 별로 공정하지 않았다
⑥ 공정하지 않았다
⑦ 전혀 공정하지 않았다
무응답"
146,4,[D_Q20_4],"공론화 과정
공정성에 대한 
평가",4) 모더레이터,Q. 다음 과정이 얼마나 공정하였다고 평가하십니까? ,<공론화 과정 공정성에 대한 평가 : 모더레이터(분임토의 진행자>,"1
2
3
4
5
6
7
9","① 매우 공정했다
② 공정했다
③ 대체로 공정했다
④ 그저 그렇다
⑤ 별로 공정하지 않았다
⑥ 공정하지 않았다
⑦ 전혀 공정하지 않았다
무응답"
147,4,[D_Q20_5],"공론화 과정
공정성에 대한 
평가",5) 종합평가,Q. 다음 과정이 얼마나 공정하였다고 평가하십니까? ,<공론화 과정 공정성에 대한 평가 : 전반적인 공론화과정>,"1
2
3
4
5
6
7
9","① 매우 공정했다
② 공정했다
③ 대체로 공정했다
④ 그저 그렇다
⑤ 별로 공정하지 않았다
⑥ 공정하지 않았다
⑦ 전혀 공정하지 않았다
무응답"
148,4,[D_Q20_6],"의견 결정 도움 
정도",1) 자료집,Q. 생각을 정하는데 다음 내용이 얼마나 도움이 되셨습니까?,<의견 결정 도움 정도 : 자료집>,"1
2
3
4
5
6
7
9","① 매우 도움이 되었다
② 도움이 되었다
③ 조금 도움이 되었다
④ 중간이다
⑤ 별로 도움이 되지 않았다
⑥ 도움이 되지 않았다
⑦ 전혀 도움이 되지 않았다
무응답"
149,4,[D_Q20_7],"의견 결정 도움 
정도",2) 이러닝 자료,Q. 생각을 정하는데 다음 내용이 얼마나 도움이 되셨습니까?,<의견 결정 도움 정도 : 이러닝 동영상 자료>,"1
2
3
4
5
6
7
9","① 매우 도움이 되었다
② 도움이 되었다
③ 조금 도움이 되었다
④ 중간이다
⑤ 별로 도움이 되지 않았다
⑥ 도움이 되지 않았다
⑦ 전혀 도움이 되지 않았다
무응답"
150,4,[D_Q20_8],"의견 결정 도움 
정도",3) TV 토론회,Q. 생각을 정하는데 다음 내용이 얼마나 도움이 되셨습니까?,<의견 결정 도움 정도 : TV 토론회>,"1
2
3
4
5
6
7
9","① 매우 도움이 되었다
② 도움이 되었다
③ 조금 도움이 되었다
④ 중간이다
⑤ 별로 도움이 되지 않았다
⑥ 도움이 되지 않았다
⑦ 전혀 도움이 되지 않았다
무응답"
151,4,[D_Q20_9],"의견 결정 도움 
정도",4) 전문가 발표,Q. 생각을 정하는데 다음 내용이 얼마나 도움이 되셨습니까?,<의견 결정 도움 정도 : 전문가 발표>,"1
2
3
4
5
6
7
9","① 매우 도움이 되었다
② 도움이 되었다
③ 조금 도움이 되었다
④ 중간이다
⑤ 별로 도움이 되지 않았다
⑥ 도움이 되지 않았다
⑦ 전혀 도움이 되지 않았다
무응답"
152,4,[D_Q20_10],"의견 결정 도움 
정도",5) 전문가  질의응답,Q. 생각을 정하는데 다음 내용이 얼마나 도움이 되셨습니까?,<의견 결정 도움 정도 : 전문가 질의응답>,"1
2
3
4
5
6
7
9","① 매우 도움이 되었다
② 도움이 되었다
③ 조금 도움이 되었다
④ 중간이다
⑤ 별로 도움이 되지 않았다
⑥ 도움이 되지 않았다
⑦ 전혀 도움이 되지 않았다
무응답"
153,4,[D_Q20_11],"의견 결정 도움 
정도",6) 분임토의,Q. 생각을 정하는데 다음 내용이 얼마나 도움이 되셨습니까?,<의견 결정 도움 정도 : 분임토의>,"1
2
3
4
5
6
7
9","① 매우 도움이 되었다
② 도움이 되었다
③ 조금 도움이 되었다
④ 중간이다
⑤ 별로 도움이 되지 않았다
⑥ 도움이 되지 않았다
⑦ 전혀 도움이 되지 않았다
무응답"
154,4,[D_Q20_12],"의견 결정 도움 
정도",7) 지인과의 대화 및 의견교환,Q. 생각을 정하는데 다음 내용이 얼마나 도움이 되셨습니까?,<의견 결정 도움 정도 : 지인과의 대화 및 의견교환>,"1
2
3
4
5
6
7
9","① 매우 도움이 되었다
② 도움이 되었다
③ 조금 도움이 되었다
④ 중간이다
⑤ 별로 도움이 되지 않았다
⑥ 도움이 되지 않았다
⑦ 전혀 도움이 되지 않았다
무응답"
155,4,[D_Q20_13],"의견 결정 도움 
정도",8) 언론보도,Q. 생각을 정하는데 다음 내용이 얼마나 도움이 되셨습니까?,<의견 결정 도움 정도 : 언론보도>,"1
2
3
4
5
6
7
9","① 매우 도움이 되었다
② 도움이 되었다
③ 조금 도움이 되었다
④ 중간이다
⑤ 별로 도움이 되지 않았다
⑥ 도움이 되지 않았다
⑦ 전혀 도움이 되지 않았다
무응답"
156,4,[D_Q20_14],"의견 결정 도움 
정도",9) 전반적인 공론화과정,Q. 생각을 정하는데 다음 내용이 얼마나 도움이 되셨습니까?,<의견 결정 도움 정도 : 전반적인 공론화과정>,"1
2
3
4
5
6
7
9","① 매우 도움이 되었다
② 도움이 되었다
③ 조금 도움이 되었다
④ 중간이다
⑤ 별로 도움이 되지 않았다
⑥ 도움이 되지 않았다
⑦ 전혀 도움이 되지 않았다
무응답"
157,4,[D_Q21_1],분임 토의 평가,1) 의견 전달,Q. 이번 종합토론회에서 참여하신 분임토의에 대해 어떻게 평가하십니까?,<나는 분임토의에서 열심히 내 의견을 전달했다>,"1
2
3
4
5
6
7
9","① 매우 그렇다
② 그렇다
③ 대체로 그렇다
④ 그저 그렇다
⑤ 별로 그렇지 않다
⑥ 그렇지 않다
⑦ 거의 그렇지 않다
무응답"
158,4,[D_Q21_2],분임 토의 평가,2) 의견 듣기,Q. 이번 종합토론회에서 참여하신 분임토의에 대해 어떻게 평가하십니까?,<나는 분임토의에서 다른 사람의 의견을 잘 들었다>,"1
2
3
4
5
6
7
9","① 매우 그렇다
② 그렇다
③ 대체로 그렇다
④ 그저 그렇다
⑤ 별로 그렇지 않다
⑥ 그렇지 않다
⑦ 거의 그렇지 않다
무응답"
159,4,[D_Q21_3],분임 토의 평가,3) 의견 교환,Q. 이번 종합토론회에서 참여하신 분임토의에 대해 어떻게 평가하십니까?,<내가 속한 분임에서는 의견교환이 잘 이루어졌다>,"1
2
3
4
5
6
7
9","① 매우 그렇다
② 그렇다
③ 대체로 그렇다
④ 그저 그렇다
⑤ 별로 그렇지 않다
⑥ 그렇지 않다
⑦ 거의 그렇지 않다
무응답"
160,4,[D_Q21_4],분임 토의 평가,4) 공정한 토론,Q. 이번 종합토론회에서 참여하신 분임토의에 대해 어떻게 평가하십니까?,<내가 속한 분임에서는 토론이 공정하게 진행됐다>,"1
2
3
4
5
6
7
9","① 매우 그렇다
② 그렇다
③ 대체로 그렇다
④ 그저 그렇다
⑤ 별로 그렇지 않다
⑥ 그렇지 않다
⑦ 거의 그렇지 않다
무응답"
161,4,[D_Q21_5],분임 토의 평가,5) 상호 존중,Q. 이번 종합토론회에서 참여하신 분임토의에 대해 어떻게 평가하십니까?,<내가 속한 분임에서는 상호 존중하는 태도로 토론했다>,"1
2
3
4
5
6
7
9","① 매우 그렇다
② 그렇다
③ 대체로 그렇다
④ 그저 그렇다
⑤ 별로 그렇지 않다
⑥ 그렇지 않다
⑦ 거의 그렇지 않다
무응답"
162,4,[D_Q22_1],"전체 공론화 
과정에 대한 
평가",1) 성실성,Q. 다음 각 내용에 대해서는 어떻게 생각하십니까?,<나는 조사 설문에 성실하게 응답했다>,"1
2
3
4
5
6
7
9","① 매우 그렇다
② 그렇다
③ 대체로 그렇다
④ 그저 그렇다
⑤ 별로 그렇지 않다
⑥ 그렇지 않다
⑦ 거의 그렇지 않다
무응답"
163,4,[D_Q22_2],"전체 공론화 
과정에 대한 
평가",2) 지식 증가,Q. 다음 각 내용에 대해서는 어떻게 생각하십니까?,<나는 공론화 과정에 참여하면서 에너지 정책에 대한 지식이 늘었다>,"1
2
3
4
5
6
7
9","① 매우 그렇다
② 그렇다
③ 대체로 그렇다
④ 그저 그렇다
⑤ 별로 그렇지 않다
⑥ 그렇지 않다
⑦ 거의 그렇지 않다
무응답"
164,4,[D_Q22_3],"전체 공론화 
과정에 대한 
평가",3) 관심 증가,Q. 다음 각 내용에 대해서는 어떻게 생각하십니까?,<나는 공론화 과정에 참여하면서 정치사회적 사안에 대한 관심이 증가했다>,"1
2
3
4
5
6
7
9","① 매우 그렇다
② 그렇다
③ 대체로 그렇다
④ 그저 그렇다
⑤ 별로 그렇지 않다
⑥ 그렇지 않다
⑦ 거의 그렇지 않다
무응답"
165,4,[D_Q22_4],"전체 공론화 
과정에 대한 
평가",4) 의견 수렴,Q. 다음 각 내용에 대해서는 어떻게 생각하십니까?,<정부는 앞으로 공론화 과정을 통해서 시민들의 의견을 수렴하는 일을 더 많이 해야 한다>,"1
2
3
4
5
6
7
9","① 매우 그렇다
② 그렇다
③ 대체로 그렇다
④ 그저 그렇다
⑤ 별로 그렇지 않다
⑥ 그렇지 않다
⑦ 거의 그렇지 않다
무응답"
166,4,[D_Q22_5],"전체 공론화 
과정에 대한 
평가",5) 결정 신뢰,Q. 다음 각 내용에 대해서는 어떻게 생각하십니까?,<정부가 나의 생각과 다른 결정을 하여도 정부 결정을 신뢰할 것이다>,"1
2
3
4
5
6
7
9","① 매우 그렇다
② 그렇다
③ 대체로 그렇다
④ 그저 그렇다
⑤ 별로 그렇지 않다
⑥ 그렇지 않다
⑦ 거의 그렇지 않다
무응답"
167,4,[D_Q22_6],"전체 공론화 
과정에 대한 
평가",6) 향후 참여,Q. 다음 각 내용에 대해서는 어떻게 생각하십니까?,<나는 다음에 시민참여단에 참여할 기회가 있다면 또 참여할 것이다>,"1
2
3
4
5
6
7
9","① 매우 그렇다
② 그렇다
③ 대체로 그렇다
④ 그저 그렇다
⑤ 별로 그렇지 않다
⑥ 그렇지 않다
⑦ 거의 그렇지 않다
무응답"
168,4,[D_Q23],"공론화 과정에 
대한 만족도",,Q. 이번 신고리 5·6호기 공론화 과정에 대해 얼마나 만족하십니까?,,"1
2
3
4
9","① 매우 만족
② 만족
③ 불만족
④ 매우 불만족
무응답"
169,4,[D_Q23_1],"공론화 과정에 
대한 만족도 
평가 이유",,Q. 그렇게 생각하시는 이유는 무엇입니까? 자유롭게 적어주세요. (오픈형 질문),,,
170,4,[WT4],"3∼4차 조사 
가중값",3∼4차 조사 표준화 가중값,,,,
